Cohorte_Mes,Total_Nuevos_Usuarios,Retenidos_7_Dias,Retenidos_30_Dias,Tasa_Retencion_7_Dias,Tasa_Retencion_30_Dias
2025-03,52,50,50,96.15384615384616,96.15384615384616
2025-04,69,63,63,91.30434782608695,91.30434782608695
2025-05,59,54,55,91.52542372881356,93.22033898305084
2025-06,36,35,35,97.22222222222221,97.22222222222221
2025-07,274,257,260,93.7956204379562,94.8905109489051
2025-08,231,211,212,91.34199134199135,91.77489177489177
